,,x,Date,Day,Time (IST),Cur.,Imp.,Event,Actual,Forecast,Previous,Notes,,,,,,
,,,,,,,,,,,,,,,,,,
,,,08-Jul-25, Tues ,10:00,AUD,3,AUD - RBA Interest Rate Decision (Jul),,3.60%,3.85%,"The Reserve Bank of Australia (RBA) reports its decision on where to set the benchmark interest rate. As short term interest rates are an important determinant of currency valuation, traders watch interest rate changes closely.

A reading that is stronger than forecast is generally supportive (bullish) for the AUD, while a weaker than forecast reading is generally negative (bearish) for the AUD.

Learn More: AUDJPY | AUDUSD",,,,,,
,,,09-Jul-25, Wed ,7:30,NZD,3,NZD - RBNZ Interest Rate Decision,,,3.25%,"The Reserve Bank of Australia (RBA) reports its decision on where to set the benchmark interest rate. As short term interest rates are an important determinant of currency valuation, traders watch interest rate changes closely.

A reading that is stronger than forecast is generally supportive (bullish) for the AUD, while a weaker than forecast reading is generally negative (bearish) for the AUD.

Learn More: AUDJPY | AUDUSD",,,,,,
,,,09-Jul-25, Wed ,20:00,USD,3,USD - Crude Oil Inventories,,,3.845M,"
The Energy Information Administration's (EIA) Crude Oil Inventories measures the weekly change in the number of barrels of commercial crude oil held by US firms. The level of inventories influences the price of petroleum products, which can have an impact on inflation.

If the increase in crude inventories is more than expected, it implies weaker demand and is bearish for crude prices. The same can be said if a decline in inventories is less than expected.
If the increase in crude is less than expected, it implies greater demand and is bullish for crude prices. The same can be said if a decline in inventories is more than expected.

Learn More: USOILRoll",,,,,,
t,,,09-Jul-25, Wed ,22:30,USD,3,USD - 10-Year Note Auction,,,4.421%,"
The figures displayed in the calendar represent the yield on the Treasury Note auctioned.

U.S. Treasury Notes have maturities of two to ten years. Governments issue treasuries to borrow money to cover the gap between the amount they receive in taxes and the amount they spend to refinance existing debt and/or to raise capital. The rate on a Treasury Note represents the return an investor will receive by holding the note for its entire duration. All bidders receive the same rate at the highest accepted bid.

Yield fluctuations should be monitored closely as an indicator of the government debt situation. Investors compare the average rate at auction to the rate at previous auctions of the same security.

Learn More: USDJPY | EURUSD",,,,,,
,,,09-Jul-25, Wed ,23:30,USD,3,USD - FOMC Meeting Minutes,,,,"The Federal Open Market Committee (FOMC) Meeting Minutes are a detailed record of the committee's policy-setting meeting held about three weeks earlier. The minutes offer detailed insights regarding the FOMC's stance on monetary policy, so currency traders carefully examine them for clues regarding the outcome of future interest rate decisions.

Learn More: USDJPY | EURUSD",,,,,,
,,,10-Jul-25, Thur ,18:00,NZD,3,USD - Initial Jobless Claims,,235K,233K,"
Initial Jobless Claims measures the number of people who filed for unemployment insurance for the first time during the past week. This is the most timely U.S. economic data, but the market impact varies from week to week.
A reading that is higher than forecast is generally negative (bearish) for the USD, while a lower than forecast reading is generally supportive (bullish) for the USD.

Learn More: USDJPY | EURUSD",,,,,,
,,,10-Jul-25, Thur ,22:30,USD,3,USD - 30-Year Bond Auction,,,4.844%,"The figures displayed in the calendar represent the yield on the Treasury Bond auctioned.

U.S. Treasury Bonds have maturities from ten up to 30 years. Governments issue treasuries to borrow money to cover the gap between the amount they receive in taxes and the amount they spend to refinance existing debt and/or to raise capital. The rate on a Treasury Bond represents the return an investor will receive by holding the bond for its entire duration. All bidders receive the same rate at the highest accepted bid.

Yield fluctuations should be monitored closely as an indicator of the government debt situation. Investors compare the average rate at auction to the rate at previous auctions of the same security.

Learn More: USDJPY | EURUSD",,,,,,
,,,11-Jul-25, Fri ,11:30,GBP,3,GBP - GDP (MoM) (May),,,-0.30%,"Gross Domestic Product (GDP) measures the annualized change in the inflation-adjusted value of all goods and services produced by the economy. It is the broadest measure of economic activity and the primary indicator of the economy's health. A higher than expected reading should be taken as positive/bullish for the GBP, while a lower than expected reading should be taken as negative/bearish for the GBP.

Learn More: GBPJPY | GBPUSD",,,,,,
,,,11-Jul-25, Fri ,11:30,EUR,3,EUR - German CPI (MoM) (Jun),,0.00%,0.10%,"The Consumer Price Index (CPI) measures the change in the prices of goods and services from the perspective of the consumer. As Germany has the largest output of any country in the euro-zone, the European Central bank pays very close attention to this figure in its role of maintaining price stability.

A reading that is stronger than forecast is generally supportive (bullish) for the EUR, while a weaker than forecast reading is generally negative (bearish) for the EUR.

Learn More: EURJPY | EURUSD",,,,,,
,,x,,,,,,,,,,,,,,,,
,,,,,,,,,,,,,,,,,,
,,,,,,,,,,,,,,,,,,
,,,,,,,,,,,,,,,,,,
,,,,,,,,,,,,,,,,,,
,,,,,,,,,,,,,,,,,,
,,,,,,,,,,,,,,,,,,
,,,,,,,,,,,,,,,,,,
,,,,,,,,,,,,,,,,,,
,,,,,,,,,,,,,,,,,,
,,,,,,,,,,,,,,,,,,
,,,,,,,,,,,,,,,,,,
,,,,,,,,,,,,,,,,,,
,,,,,,,,,,,,,,,,,,
,,,,,,,,,,,,,,,,,,
,,x,,,,,,,,,,,,,,,,
,,,30-Jul-25, Wed ,23:30,USD,3,Fed Interest Rate Decision,,4.36%,4.38%,[],,,,,,
,,,,,,,,,,,,,,,,,,
,,,,,,,,,,,,,,,,,,
,,,,,,,,,,,,,,,,,,
,,,,,,,,,,,,,,,,,,
,,x,30-Jul-25, Wed ,23:30,USD,3,Fed Interest Rate Decision,,4.33%,4.38%,[],,,,,,
,,,30-Jul-25, Fri ,18:00,USD,3,USD - Nonfarm Payrolls (May),,130K,177K,"
Nonfarm Payrolls measures the change in the number of people employed during the prior month, excluding workers in the farming industry. Given that full employment is one of the Federal Reserves mandates, it is very closely watched.

A reading that is stronger than forecast is generally supportive (bullish) for the USD, while a weaker than forecast reading is generally negative (bearish) for the USD.

Learn More: USDJPY | EURUSD",,,,,,
,,,30-Jul-25, Fri ,18:00,USD,3,USD - Unemployment Rate (May),,4.20%,4.20%,"

The Unemployment Rate measures the percentage of the total work force that is not working, yet actively seeking employment.

A reading that is higher than forecast is generally negative (bearish) for the USD, while a lower than forecast reading is generally supportive (bullish) for the USD.

Learn More: USDJPY | EURUSD",,,,,,
,,,30-Jul-25, Thur ,18:10,USD,3,USD - Fed Chair Powell Speaks,,,,"
Federal Reserve Chair Jerome Powell (Feb. 2018 – Feb. 2026) is to speak. As head of the Fed, which controls short term interest rates, he has more influence over the U.S. dollar's value than any other person. Traders closely watch his speeches as they are often used to drop hints regarding future monetary policy.

Learn More: USDJPY | EURUSD",,,,,,
,,,31-Jul-25, Fri ,5:20,JPY,3,JPY - GDP (QoQ) (Q1) P,,,0.60%,"

Gross Domestic Product (GDP) measures the change in the inflation-adjusted value of all goods and services produced by the economy. It is the broadest measure of economic activity and the primary indicator of the economy's health.

A reading that is stronger than forecast is generally supportive (bullish) for the JPY, while a weaker than forecast reading is generally negative (bearish) for the JPY.

Learn More: USDJPY | EURJPY",,,,,,
,,,,,,,,,,,,,,,,,,
,,,,,,,,,,,,,,,,,,
,,,,,,,,,,,,,,,,,,
,,,,,,,,,,,,,,,,,,
,,,,,,,,,,,,,,,,,,
,,,,,,,,,,,,,,,,,,
,,,,,,,,,,,,,,,,,,
,,,,,,,,,,,,,,,,,,
,,,,,,,,,,,,,,,,,,
,,,,,,,,,,,,,,,,,,
,,,,,,,,,,,,,,,,,,
,,,,,,,,,,,,,,,,,,
,,,,,,,,,,,,,,,,,,
,,,,,,,,,,,,,,,,,,
,,,,,,,,,,,,,,,,,,
,,,,,,,,,,,,,,,,,,
,,,,,,,,,,,,,,,,,,
,,,,,,,,,,,,,,,,,,
,,,,,,,,,,,,,,,,,,
,,,00-Jan-00, Wed ,18:00,USD,3,USD - Retail Sales (MoM) (Mar),,1.40%,0.20%,"
Retail Sales gauges the change in the aggregate value of sales at the retail level across the country. It is an important indicator of consumer spending accounting for the majority of overall economic activity.

A reading that is stronger than forecast is generally supportive (bullish) for the USD, while a weaker than forecast reading is generally negative (bearish) for the USD.

Learn More: USDJPY | EURUSD",,,,,,
,,,00-Jan-00, Wed ,19:15,CAD,3,CAD - BoC Interest Rate Decision,,2.75%,2.75%,"
The Bank of Canada (BOC) publishes its decision on where to set the benchmark interest rate. As short term interest rates are an important determinant of currency valuation, traders watch interest rate changes closely.

A reading that is stronger than forecast is generally supportive (bullish) for the CAD, while a weaker than forecast reading is generally negative (bearish) for the CAD.

Learn More: CADJPY | USDCAD",,,,,,
,,,00-Jan-00, Wed ,20:00,USD,3,USD - Crude Oil Inventories,,,2.553M,"
The Energy Information Administration's (EIA) Crude Oil Inventories measures the weekly change in the number of barrels of commercial crude oil held by US firms. The level of inventories influences the price of petroleum products, which can have an impact on inflation.

If the increase in crude inventories is more than expected, it implies weaker demand and is bearish for crude prices. The same can be said if a decline in inventories is less than expected.
If the increase in crude is less than expected, it implies greater demand and is bullish for crude prices. The same can be said if a decline in inventories is more than expected.

Learn More: USOILRoll",,,,,,
,,,00-Jan-00, Wed ,22:45,USD,3,USD - Fed Chair Powell Speaks,,,,"

Federal Reserve Chair Jerome Powell (Feb. 2018 – Feb. 2026) is to speak. As head of the Fed, which controls short term interest rates, he has more influence over the U.S. dollar's value than any other person. Traders closely watch his speeches as they are often used to drop hints regarding future monetary policy.

Learn More: USDJPY | EURUSD",,,,,,
,,,01-Jan-00, Thur ,All Day,MXN,3,MXN - Mexico - Easter,,,,"[]

Learni More: Legacy Reference",,,,,,
,,,01-Jan-00, Thur ,All Day,NOK,3,NOK - Norway - Maundy Thursday,,,,"[]

Learni More: Legacy Reference",,,,,,
,,,01-Jan-00, Thur ,17:45,EUR,3,EUR -  Deposit Facility Rate (Apr),,2.25%,2.50%,"
The Producer Price Index (PPI) measures a change in input prices of raw, semi-finished or finished goods and services. If input costs rise, some will be absorbed by the producer and some passed on to the consumer. Conversely, if input costs fall, some of the decline will be enjoyed as wider profit margins by the producer and some will be passed on to the consumer in the form of lower prices. Because PPI impacts consumer prices, it is watched by central bankers as part of fulfilling their mandate of price stability.

A reading that is stronger than forecast is generally supportive (bullish) for the USD, while a weaker than forecast reading is generally negative (bearish) for the USD.

Learn More: EURJPY | EURUSD",,,,,,
,,,01-Jan-00, Thur ,17:45,EUR,3,EUR - ECB Interest Rate Decision (Apr),,2.40%,2.65%,"
The European Central Bank publishes its decision on where to set the benchmark interest rate. As short term interest rates are an important determinant of currency valuation, traders watch interest rate changes closely.



A reading that is stronger than forecast is generally supportive (bullish) for the EUR, while a weaker than forecast reading is generally negative (bearish) for the EUR.

Learn More: EURJPY | EURUSD",,,,,,
,,,01-Jan-00, Thur ,18:00,USD,3,USD - Initial Jobless Claims,,225K,223K,"Initial Jobless Claims measures the number of people who filed for unemployment insurance for the first time during the past week. This is the most timely U.S. economic data, but the market impact varies from week to week.
A reading that is higher than forecast is generally negative (bearish) for the USD, while a lower than forecast reading is generally supportive (bullish) for the USD.

Learni More: USDJPY | EURUSD",,,,,,
,,,01-Jan-00, Thur ,18:00,USD,3,USD - Philadelphia Fed Manufacturing Index (Apr),, 3.1 , 12.5 ,"The Philadelphia Federal Reserve Manufacturing Index measures the relative level of business conditions amongst manufacturers in the Federal reserve district. A level above zero on the index indicates improving conditions; below indicates worsening conditions. The data is compiled from a survey of about 250 manufacturers in the Philadelphia Federal Reserve district.

A reading that is stronger than forecast is generally supportive (bullish) for the USD, while a weaker than forecast reading is generally negative (bearish) for the USD.

Learni More: USDJPY | EURUSD",,,,,,
,,,01-Jan-00, Thur ,18:15,EUR,3,EUR -  ECB Press Conference,,,,"

The European Central Bank (ECB) press conference is held monthly, about 45 minutes after the Minimum Bid Rate is announced. The conference is approximately an hour long and has two parts. Firstly, a prepared statement is read, then the conference is open to press questions. The press conference examines the factors which affected the ECB's interest rate decision and deals with the overall economic outlook and inflation. Most importantly, it provides clues regarding future monetary policy. High levels of volatility can frequently be observed during the press conference as press questions lead to unscripted answers.

Learn More: EURJPY | EURUSD",,,,,,
,,,02-Jan-00, Fri ,All Day,Global,3,Global - Good Friday & Easter,,,,"
[]

Learn More: Legacy Reference",,,,,,
,,,,,,,,,,,,,,,,,,
,,,,,,,,,,,,,,,,,,
,,,,,,,,,,,,,,,,,,
,,,,,,,,,,,,,,,,,,
,,,,,,,,,,,,,,,,,,
,,,,,,,,,,,,,,,,,,
,,,,,,,,,,,,,,,,,,
,,,,,,,,,,,,,,,,,,
,,,,,,,,,,,,,,,,,,
,,,,,,,,,,,,,,,,,,
,,,,,,,,,,,,,,,,,,
,,,04-Apr-25, Fri ,18:00,USD,3,USD - Unemployment Rate (Mar),,4.20%,4.10%,"The Unemployment Rate measures the percentage of the total work force that is not working, yet actively seeking employment.

A reading that is higher than forecast is generally negative (bearish) for the USD, while a lower than forecast reading is generally supportive (bullish) for the USD.

Learn More:USDJPY | EURUSD",,,,,,
,,,00-Jan-00, Fri ,18:00,USD,3,USD - Initial Jobless Claims,,,,"Initial Jobless Claims measures the number of people who filed for unemployment insurance for the first time during the past week. This is the most timely U.S. economic data, but the market impact varies from week to week.
A reading that is higher than forecast is generally negative (bearish) for the USD, while a lower than forecast reading is generally supportive (bullish) for the USD.

Learn More: USDJPY | EURUSD",,,,,,
,,,00-Jan-00, Fri ,18:00,USD,3,USD - PPI (MoM) (Feb),,,0.40%,"The Producer Price Index (PPI) measures a change in input prices of raw, semi-finished or finished goods and services. If input costs rise, some will be absorbed by the producer and some passed on to the consumer. Conversely, if input costs fall, some of the decline will be enjoyed as wider profit margins by the producer and some will be passed on to the consumer in the form of lower prices. Because PPI impacts consumer prices, it is watched by central bankers as part of fulfilling their mandate of price stability.

A reading that is stronger than forecast is generally supportive (bullish) for the USD, while a weaker than forecast reading is generally negative (bearish) for the USD.

Learn More: USDJPY | EURUSD",,,,,,
,,,00-Jan-00, Fri ,18:00,USD,3,USD - Philadelphia Fed Manufacturing Index (Mar),, 9.40 , 18.10 ,"
The Philadelphia Federal Reserve Manufacturing Index measures the relative level of business conditions amongst manufacturers in the Federal reserve district. A level above zero on the index indicates improving conditions; below indicates worsening conditions. The data is compiled from a survey of about 250 manufacturers in the Philadelphia Federal Reserve district.

A reading that is stronger than forecast is generally supportive (bullish) for the USD, while a weaker than forecast reading is generally negative (bearish) for the USD.

Learn More: USDJPY | EURUSD",,,,,,
,,,00-Jan-00, Fri ,19:30,USD,3,USD - Existing Home Sales (Feb),, 3.94M , 4.08M ,"
Existing Home Sales measures the change in the annualised number of existing residential buildings that were sold during the prior month. This report helps to gauge the strength of the U.S. housing market and is an important indicator of overall economic strength.

A reading that is stronger than forecast is generally supportive (bullish) for the USD, while a weaker than forecast reading is generally negative (bearish) for the USD.

Learn More: USDJPY | EURUSD",,,,,,
,,,05-Apr-25, Fri ,All Day,ZAR,3,ZAR - South Africa - Human Rights Day,,,,"[]

Learn More: []",,,,,,
,,,,,,,,,,,,,,,,,,
,,,,,,,,,,,,,,,,,,
,,,,,,,,,,,,,,,,,,
,,,,,,,,,,,,,,,,,,
,,,,,,,,,,,,,,,,,,
,,,,,,,,,,,,,,,,,,
,,,,,,,,,,,,,,,,,,
,,,,,,,,,,,,,,,,,,
,,,,,,,,,,,,,,,,,,
,,,,,,,,,,,,,,,,,,
,,,,,,,,,,,,,,,,,,
,,,,,,,,,,,,,,,,,,
,,,,,,,,,,,,,,,,,,
,,,,,,,,,,,,,,,,,,
,,,,,,,,,,,,,,,,,,
,,,,,,,,,,,,,,,,,,
,,,,,,,,,,,,,,,,,,
,,,,,,,,,,,,,,,,,,
,,,,,,,,,,,,,,,,,,
,,,,,,,,,,,,,,,,,,
,,,,,,,,,,,,,,,,,,
,,,00-Jan-00, Thur ,19:00,USD,3,USD - Initial Jobless Claims,,210K,201K,"[]

Learn More: []",,,,,,
,,,00-Jan-00, Thur ,19:00,USD,3,USD - Philadelphia Fed Manufacturing Index (Jan),, -7 , -10.9 ,"[]

Learn More: []",,,,,,
,,,00-Jan-00, Thur ,19:00,USD,3,USD - Retail Sales (MoM) (Dec),,0.50%,0.70%,"[]

Learn More: []",,,,,,
,,,01-Jan-00, Thur ,7:30,CNY,3,CNY - GDP (YoY) (Q4),,5.10%,4.60%,"[]

Learn More: []",,,,,,
,,,01-Jan-00, Thur ,15:30,EUR,3,EUR - CPI (YoY) (Dec),,2.40%,2.40%,"[]

Learn More: []",,,,,,
,,,,,,,,,,,,,,,,,,
,,,,,,,,,,,,,,,,,,
,,,,,,,,,,,,,,,,,,
,,,,,,,,,,,,,,,,,,
,,,,,,,,,,,,,,,,,,
,,,,,,,,,,,,,,,,,,
,,,,,,,,,,,,,,,,,,
,,,,,,,,,,,,,,,,,,
,,,,,,,,,,,,,,,,,,
,,,,,,,,,,,,,,,,,,
,,,,,,,,,,,,,,,,,,
,,,,,,,,,,,,,,,,,,
,,,,,,,,,,,,,,,,,,
,,,,,,,,,,,,,,,,,,
,,,,,,,,,,,,,,,,,,
,,,,,,,,,,,,,,,,,,
,,,,,,,,,,,,,,,,,,
,,,,,,,,,,,,,,,,,,
,,,,,,,,,,,,,,,,,,
,,,,,,,,,,,,,,,,,,
,,,,,,,,,,,,,,,,,,
,,,29-Jan-25, Thu ,0:30,USD,3,Fed Interest Rate Decision,,4.35%,4.38%,"A continued easing of inflation and robust labour market could give the Fed more room to implement rate cuts without stoking inflation fears, supporting the case for a soft landing.",,,,,,
,,,"Source: Bloomberg, ADSS, News Articles, Company Research. Notes as of 9th Dec 2024, 4:30 PM.",,,,,,,,,,,,,,,
,,,,,,,,,,,,,,,,,,
,,,,,,,,,,,,,,,,,,
,,,,,,,,,,,,,,,,,,
,,,,,,,,,,,,,,,,,,
,,,,,,,,,,,,,,,,,,
,,,,,,,,,,,,,,,,,,
,,,29-Jan-25, Thu ,0:30,USD,3,Fed Interest Rate Decision,,4.33%,4.49%,"A continued easing of inflation and robust labour market could give the Fed more room to implement rate cuts without stoking inflation fears, supporting the case for a soft landing.",,,,,,
,,,"Source: Bloomberg, ADSS, News Articles, Company Research. Notes as of 9th Dec 2024, 4:30 PM.",,,,,,,,,,,,,,,
,,,,,,,,,,,,,,,,,,
,,,,,,,,,,,,,,,,,,
,,,,,,,,,,,,,,,,,,
,,,18-Dec-24, Thu ,23:30,USD,3,Fed Interest Rate Decision,,4.46%,4.62%,"A continued easing of inflation and robust labour market could give the Fed more room to implement rate cuts without stoking inflation fears, supporting the case for a soft landing.",,,,,,
,,,,,,,,,,,,,,,,,,
,,,18-Jun-25, Wed ,23:30,USD,3,Fed Interest Rate Decision,,4.37%,4.36%,[],,,,,,
,,x,"Source: Bloomberg, News Articles, Company Research. Notes as of 06th July 2025, 4 PM.",,,,,,,,,,,,,,,
,,,,,,,,,,,,,,,,,,
,,,,,,,,,,,,,,,,,,
,,,Date,Day,Time (IST),Cur.,Imp.,Event,,,,,,,,,,
,,,01-Jan-25, Thu ,0:30,USD,3,Hello,,,,,,,,,,
,,,01-Jan-25, Thu ,10:00,USD,3,Hello2,,,,,,,,,,
,,,09-Jan-25, Thur ,0:01,USD,3,US stock markets closed in honor of former President Jimmy Carter (National Day of Mourning),,,,,,,,,,
,,,,,,,,,,,,,,,,,,
,,,,,,,,,,,,,,,,,,
,,,,,,,,,,,,,,,,,,
,,,,,,,,,,,,,,,,,,
,,,,,,,,,,,,,,,,,,
,,,,,,,,,,,,,,,,,,
,,,,,,,,,,,,,,,,,,
,,,,,,,,,,,,,,,,,,