,,s,Date,Day,Time (IST),Cur.,Imp.,Event,Actual,Forecast,Previous,Notes,,,,,,
,,,,,,,,,,,,,,,,,,
,,,15-Sep-25, Mon ,All Day,JPY,3,Japan - Respect for the Aged Day,,,,"[]

Learn More: Legacy Reference",,,,,,
,,,16-Sep-25, Tues ,All Day,MXN,3,Mexico - Independent Day,,,,"[]

Learn More: Legacy Reference",,,,,,
,,,16-Sep-25, Tues ,18:00,USD,3,USD - Core Retail Sales (MoM) (Aug),,,0.30%,"Core Retail Sales measures the change in the total value of sales at the retail level in the U.S., excluding automobiles. It is an important indicator of consumer spending which accounts for a large percentage of US GDP.

A reading that is stronger than forecast is generally supportive (bullish) for the USD, while a weaker than forecast reading is generally negative (bearish) for the USD.

Learn More: USDJPY | EURUSD",,,,,,
,,,16-Sep-25, Tues ,18:00,USD,3,USD - Retail Sales (MoM) (Aug),,,0.50%,"Retail Sales gauges the change in the aggregate value of sales at the retail level across the country. It is an important indicator of consumer spending accounting for the majority of overall economic activity.

A reading that is stronger than forecast is generally supportive (bullish) for the USD, while a weaker than forecast reading is generally negative (bearish) for the USD.

Learn More: USDJPY | EURUSD",,,,,,
,,,17-Sep-25, Wed ,11:30,GBP,3,GBP - CPI (YoY) (Aug),,,3.800%,"The Consumer Price Index (CPI) measures the change in the prices of goods and services contained in a basket of consumer items. The Central bank pays very close attention to this figure in its role of maintaining price stability.

A reading that is stronger than forecast is generally supportive (bullish) for the GBP, while a weaker than forecast reading is generally negative (bearish) for the GBP.

Learn More: GBPJPY | GBPUSD",,,21:00,,,
,,,17-Sep-25, Wed ,14:30,EUR,3,EUR - CPI (YoY) (Aug),,2.100%,2.000%,"The Consumer Price Index (CPI) measures the change in the prices of goods and services contained in a basket of consumer items. The Central bank pays very close attention to this figure in its role of maintaining price stability.

A reading that is stronger than forecast is generally supportive (bullish) for the EUR, while a weaker than forecast reading is generally negative (bearish) for the EUR.

Learn More: EURJPY | EURUSD",,,,,,
,,,17-Sep-25, Wed ,19:15,CAD,3,CAD - BoC Interest Rate Decision,,,2.750%,"The Bank of Canada (BOC) publishes its decision on where to set the benchmark interest rate. As short term interest rates are an important determinant of currency valuation, traders watch interest rate changes closely.

A reading that is stronger than forecast is generally supportive (bullish) for the CAD, while a weaker than forecast reading is generally negative (bearish) for the CAD.

Learn More: CADJPY | USDCAD",,,21:00,,,
,,,17-Sep-25, Wed ,20:00,USD,3,USD - Crude Oil Inventories,,,3.939M,"
The Energy Information Administration's (EIA) Crude Oil Inventories measures the weekly change in the number of barrels of commercial crude oil held by US firms. The level of inventories influences the price of petroleum products, which can have an impact on inflation.

If the increase in crude inventories is more than expected, it implies weaker demand and is bearish for crude prices. The same can be said if a decline in inventories is less than expected.
If the increase in crude is less than expected, it implies greater demand and is bullish for crude prices. The same can be said if a decline in inventories is more than expected.

Learn More: USOILRoll",,,21:00,,,
,,,17-Sep-25, Wed ,23:30,USD,3,USD - FOMC Economic Projections,,,,"
The U.S. Federal Reserve's Federal Open Market Committee (FOMC) statement is the primary tool the panel uses to communicate with investors about monetary policy. It contains the outcome of the vote on interest rates, discusses the economic outlook and offers clues on the outcome of future votes.

A more dovish than expected statement could be taken as negative/bearish for the USD, while a more hawkish than expected statement could be taken as positive/bullish for the USD.

Learn More: USDJPY | EURUSD",,,21:00,,,
,,,17-Sep-25, Wed ,23:30,USD,3,USD - FOMC Statement,,,,"
The U.S. Federal Reserve's Federal Open Market Committee (FOMC) statement is the primary tool the panel uses to communicate with investors about monetary policy. It contains the outcome of the vote on interest rates, discusses the economic outlook and offers clues on the outcome of future votes.

A more dovish than expected statement could be taken as negative/bearish for the USD, while a more hawkish than expected statement could be taken as positive/bullish for the USD.

Learn More: USDJPY | EURUSD",,,21:00,,,
,,,17-Sep-25, Wed ,23:30,USD,3,USD - Fed Interest Rate Decision,,4.250%,4.500%,"
Federal Open Market Committee (FOMC) members vote on where to set the target interest rate. Traders watch interest rate changes closely as relative short term interest rates are a primary factor in currency valuation.

A reading that is stronger than forecast is generally supportive (bullish) for the USD, while a weaker than forecast reading is generally negative (bearish) for the USD.

Learn More: USDJPY | EURUSD",,,21:00,,,
,,,18-Sep-25, Thur ,00:00,USD,3,USD - FOMC Press Conference,,,,"
The Federal Reserve Chair speaks after the FOMC interest rate decision. This is one of the most important events for USD as it provides insights on the Fed’s outlook, policy trajectory, and economic conditions. Volatility often increases during the Q&A session.

Learn More: USDJPY | EURUSD",,,21:00,,,
,,,18-Sep-25, Thur ,16:30,GBP,3,GBP - BoE Interest Rate Decision (Sep),,,4.000%,"
Bank of England (BOE) monetary policy committee members vote on where to set the Bank Rate. Traders watch interest rate changes closely because short term interest rates are the primary factor in currency valuation.

A reading that is stronger than forecast is generally supportive (bullish) for the GBP, while a weaker than forecast reading is generally negative (bearish) for the GBP.

Learn More: GBPJPY | GBPUSD",,,21:00,,,
,,,18-Sep-25, Thur ,18:00,USD,3,USD - Initial Jobless Claims,,,263K,"
Initial Jobless Claims measures the number of people who filed for unemployment insurance for the first time during the past week. This is the most timely U.S. economic data, but the market impact varies from week to week.
A reading that is higher than forecast is generally negative (bearish) for the USD, while a lower than forecast reading is generally supportive (bullish) for the USD.

Learn More:  USDJPY | EURUSD",,,21:00,,,
,,,18-Sep-25, Thur ,18:00,USD,3,USD - Philadelphia Fed Manufacturing Index (Sep),, 3.00 , -0.3 ,"
The Philadelphia Federal Reserve Manufacturing Index measures the relative level of business conditions amongst manufacturers in the Federal reserve district. A level above zero on the index indicates improving conditions; below indicates worsening conditions. The data is compiled from a survey of about 250 manufacturers in the Philadelphia Federal Reserve district.

A reading that is stronger than forecast is generally supportive (bullish) for the USD, while a weaker than forecast reading is generally negative (bearish) for the USD..

Learn More:  USDJPY | EURUSD",,,21:00,,,
,,,19-Sep-25, Fri ,08:30,JPY,3,JPY - BoJ Interest Rate Decision,,0.500%,0.500%,"
Bank of Japan (BOJ) policy board publishes its decision about where to set the target overnight rate. As short term interest rates are an important determinant of currency valuation, traders watch interest rate changes closely. A reading that is stronger than forecast is generally supportive (bullish) for the JPY, while a weaker than forecast reading is generally negative (bearish) for the JPY.

Learn More:  USDJPY | EURJPY",,,,,,
,,,19-Sep-25, Thur ,22:30,USD,3,USD - 30-Year Bond Auction,,,4.813%,"The figures displayed in the calendar represent the yield on the Treasury Bond auctioned.

U.S. Treasury Bonds have maturities from ten up to 30 years. Governments issue treasuries to borrow money to cover the gap between the amount they receive in taxes and the amount they spend to refinance existing debt and/or to raise capital. The rate on a Treasury Bond represents the return an investor will receive by holding the bond for its entire duration. All bidders receive the same rate at the highest accepted bid.

Yield fluctuations should be monitored closely as an indicator of the government debt situation. Investors compare the average rate at auction to the rate at previous auctions of the same security.

Learn More: USDJPY | EURUSD",,,,,,
,,,20-Sep-25, Fri ,11:30,GBP,3,GBP - GDP (MoM) (Jul),,,0.400%,"The figures displayed in the calendar represent the yield on the Treasury Bond auctioned.

U.S. Treasury Bonds have maturities from ten up to 30 years. Governments issue treasuries to borrow money to cover the gap between the amount they receive in taxes and the amount they spend to refinance existing debt and/or to raise capital. The rate on a Treasury Bond represents the return an investor will receive by holding the bond for its entire duration. All bidders receive the same rate at the highest accepted bid.

Yield fluctuations should be monitored closely as an indicator of the government debt situation. Investors compare the average rate at auction to the rate at previous auctions of the same security.

Learn More: GBPJPY | GBPUSD",,,,,,
,,,20-Sep-25, Fri ,11:30,USD,3,EUR - German CPI (MoM) (Aug),,0.100%,0.300%,"The figures displayed in the calendar represent the yield on the Treasury Bond auctioned.

U.S. Treasury Bonds have maturities from ten up to 30 years. Governments issue treasuries to borrow money to cover the gap between the amount they receive in taxes and the amount they spend to refinance existing debt and/or to raise capital. The rate on a Treasury Bond represents the return an investor will receive by holding the bond for its entire duration. All bidders receive the same rate at the highest accepted bid.

Yield fluctuations should be monitored closely as an indicator of the government debt situation. Investors compare the average rate at auction to the rate at previous auctions of the same security.

Learn More: USDJPY | EURUSD",,,,,,
,,,20-Sep-25, Fri ,19:30,USD,2,USD - Michigan Consumer Sentiment (Sep) P,, 58.00 , 58.20 ,"The University of Michigan Consumer Sentiment Index is composed of survey results comparing the relative level of both current and future economic conditions. There are two versions of this data released two weeks apart, preliminary and revised. The preliminary data tends to have a greater impact as it is more timely. The reading is compiled from a survey of around 500 consumers.

A reading that is stronger than forecast is generally supportive (bullish) for the USD, while a weaker than forecast reading is generally negative (bearish) for the USD.

Learn More: USDJPY | EURUSD",,,,,,
,,,20-Sep-25, Thur ,21:30,USD,3,USD - Crude Oil Inventories,,, -2.392M ,"- The Energy Information Administration's (EIA) Crude Oil Inventories measures the weekly change in the number of barrels of commercial crude oil held by US firms. The level of inventories influences the price of petroleum products, which can have an impact on inflation.

If the increase in crude inventories is more than expected, it implies weaker demand and is bearish for crude prices. The same can be said if a decline in inventories is less than expected.
If the increase in crude is less than expected, it implies greater demand and is bullish for crude prices. The same can be said if a decline in inventories is more than expected.

Learn More: USOILRoll",,,,,,
,,,21-Sep-25, Fri ,18:00,USD,3,USD - Average Hourly Earnings (MoM) (Aug),,,0.30%,"- Average Hourly Earnings measures the change in the amount of money businesses pay for labour, excluding the agricultural sector.

A reading that is stronger than forecast is generally supportive (bullish) for the USD, while a weaker than forecast reading is generally negative (bearish) for the USD.

Learn More: USDJPY | EURUSD",,,,,,
,,,21-Sep-25, Fri ,18:00,USD,3,USD - Nonfarm Payrolls (Aug),,,73K,"- Nonfarm Payrolls measures the change in the number of people employed during the prior month, excluding workers in the farming industry. Given that full employment is one of the Federal Reserves mandates, it is very closely watched.

A reading that is stronger than forecast is generally supportive (bullish) for the USD, while a weaker than forecast reading is generally negative (bearish) for the USD.

Learn More: USDJPY | EURUSD",,,,,,
,,,21-Sep-25, Fri ,18:00,USD,3,USD - Unemployment Rate,,,4.20%,"- The Unemployment Rate measures the percentage of the total work force that is not working, yet actively seeking employment.

A reading that is higher than forecast is generally negative (bearish) for the USD, while a lower than forecast reading is generally supportive (bullish) for the USD.

Learn More: USDJPY | EURUSD",,,,,,
,,,21-Sep-25, Thur ,19:30,USD,3,USD - ISM Non-Manufacturing Prices (Aug),,, 69.90 ,"- The Institute of Supply Management (ISM) Non-Manufacturing Purchasing Managers' Index (PMI) (also known as the ISM Services PMI) report on Business, is based on data compiled from monthly replies to questions asked of more than 370 purchasing and supply executives in over 62 different industries.

The Prices Paid subcategory is a diffusion index calculated by adding the percent of responses indicating they paid more for inputs plus one-half of those responding that they paid the same for inputs. The resulting single index number is then seasonally adjusted.

The Prices Paid diffusion index is one of a number of indicators pointing to the degree of inflationary pressures in the economy.

A reading that is stronger than forecast is generally supportive (bullish) for the USD, while a weaker than forecast reading is generally negative (bearish) for the USD.

Learn More: USDJPY | EURUSD",,,,,,
,,,21-Sep-25, Fri ,All Day,INR,3,India - Independence Day,,,,"-[]

Learn more: Legacy Reference",,,,,,
,,,21-Sep-25, Fri ,All Day,KRW,3,South Korea - Liberation Day,,,,"-[]

Learn more: Legacy Reference",,,,,,
,,,21-Sep-25, Fri ,05:20,JPY,3,JPY - GDP (QoQ) (Q2) P,,,0.000%,"-Gross Domestic Product (GDP) measures the change in the inflation-adjusted value of all goods and services produced by the economy. It is the broadest measure of economic activity and the primary indicator of the economy's health.

A reading that is stronger than forecast is generally supportive (bullish) for the JPY, while a weaker than forecast reading is generally negative (bearish) for the JPY.

Learn More: USDJPY | EURJPY",,,,,,
,,,21-Sep-25, Fri ,18:00,USD,3,USD - Core Retail Sales (MoM) (Jul),,,0.500%,"-Core Retail Sales measures the change in the total value of sales at the retail level in the U.S., excluding automobiles. It is an important indicator of consumer spending which accounts for a large percentage of US GDP.

A reading that is stronger than forecast is generally supportive (bullish) for the USD, while a weaker than forecast reading is generally negative (bearish) for the USD.

Learn More: USDJPY | EURUSD",,,,,,
,,,21-Sep-25, Fri ,18:00,USD,3,USD - Retail Sales (MoM) (Jul),,,0.600%,"-Retail Sales gauges the change in the aggregate value of sales at the retail level across the country. It is an important indicator of consumer spending accounting for the majority of overall economic activity.

A reading that is stronger than forecast is generally supportive (bullish) for the USD, while a weaker than forecast reading is generally negative (bearish) for the USD..

Learn More: USDJPY | EURUSD",,,,,,
,,,21-Sep-25, Fri ,19:30,USD,2,USD - Michigan Consumer Sentiment (Aug) P,, 62.20 , 61.70 ,"-The University of Michigan Consumer Sentiment Index is composed of survey results comparing the relative level of both current and future economic conditions. There are two versions of this data released two weeks apart, preliminary and revised. The preliminary data tends to have a greater impact as it is more timely. The reading is compiled from a survey of around 500 consumers.

A reading that is stronger than forecast is generally supportive (bullish) for the USD, while a weaker than forecast reading is generally negative (bearish) for the USD.

Learn More: USDJPY | EURUSD",,,,,,
,,,,,,,,,,,,,,,,,,
,,,,,,,,,,,,,,,,,,
,,,,,,,,,,,,,,,,,,
,,,,,,,,,,,,,,,,,,
,,,,,,,,,,,,,,,,,,
,,,,,,,,,,,,,,,,,,
,,,,,,,,,,,,,,,,,,
,,,,,,,,,,,,,,,,,,
,,,,,,,,,,,,,,,,,,
,,,29-Oct-25, Wed ,23:30,USD,3,Fed Interest Rate Decision,,3.90%,4.38%,[],,,,,,
,,,#REF!, Wed ,19:30,USD,3,USD - ISM Non-Manufacturing Prices (May),,, 65.1 ,"


The Institute of Supply Management (ISM) Non-Manufacturing Purchasing Managers' Index (PMI) (also known as the ISM Services PMI) report on Business, is based on data compiled from monthly replies to questions asked of more than 370 purchasing and supply executives in over 62 different industries.

The Prices Paid subcategory is a diffusion index calculated by adding the percent of responses indicating they paid more for inputs plus one-half of those responding that they paid the same for inputs. The resulting single index number is then seasonally adjusted.

The Prices Paid diffusion index is one of a number of indicators pointing to the degree of inflationary pressures in the economy.

A reading that is stronger than forecast is generally supportive (bullish) for the USD, while a weaker than forecast reading is generally negative (bearish) for the USD.

Learn More: USDJPY |EURUSD",,,,,,
,,,#REF!, Wed ,20:00,USD,3,USD - Crude Oil Inventories,,, -2.795M ,"
The Energy Information Administration's (EIA) Crude Oil Inventories measures the weekly change in the number of barrels of commercial crude oil held by US firms. The level of inventories influences the price of petroleum products, which can have an impact on inflation.

If the increase in crude inventories is more than expected, it implies weaker demand and is bearish for crude prices. The same can be said if a decline in inventories is less than expected.
If the increase in crude is less than expected, it implies greater demand and is bullish for crude prices. The same can be said if a decline in inventories is more than expected.

Learn More: USOILRoll",,,,,,
,,,#REF!, Thur ,17:45,EUR,3,EUR - Deposit Facility Rate (Jun),,2.00%,2.25%,"
[]

Learn More: EURJPY |EURUSD",,,,,,
,,,#REF!, Thur ,17:45,EUR,3,EUR - ECB Interest Rate Decision (Jun),,2.15%,2.40%,"
The European Central Bank publishes its decision on where to set the benchmark interest rate. As short term interest rates are an important determinant of currency valuation, traders watch interest rate changes closely.



A reading that is stronger than forecast is generally supportive (bullish) for the EUR, while a weaker than forecast reading is generally negative (bearish) for the EUR.

Learn More: EURJPY |EURUSD",,,,,,
,,,#REF!, Thur ,18:00,USD,3,USD - Initial Jobless Claims,,232K,240K,"
Initial Jobless Claims measures the number of people who filed for unemployment insurance for the first time during the past week. This is the most timely U.S. economic data, but the market impact varies from week to week.
A reading that is higher than forecast is generally negative (bearish) for the USD, while a lower than forecast reading is generally supportive (bullish) for the USD.

Learn More: USDJPY |EURUSD",,,,,,
,,,#REF!, Thur ,18:15,EUR,3,EUR - ECB Press Conference,,,,"

The European Central Bank (ECB) press conference is held monthly, about 45 minutes after the Minimum Bid Rate is announced. The conference is approximately an hour long and has two parts. Firstly, a prepared statement is read, then the conference is open to press questions. The press conference examines the factors which affected the ECB's interest rate decision and deals with the overall economic outlook and inflation. Most importantly, it provides clues regarding future monetary policy. High levels of volatility can frequently be observed during the press conference as press questions lead to unscripted answers.

Learn More: EURJPY |EURUSD",,,,,,
,,,#REF!, Fri ,All Day,KRW,3,South Korea - Memorial Day,,,,"[]

Learn More: Legacy Reference",,,,,,
,,,#REF!, Fri ,All Day,SGD,3,Singapore - Eid al-Adha,,,,"[]

Learn More: Legacy Reference",,,,,,
,,,#REF!, Fri ,18:00,USD,3,USD - Average Hourly Earnings (MoM) (May),,0.30%,0.20%,"
Average Hourly Earnings measures the change in the amount of money businesses pay for labour, excluding the agricultural sector.

A reading that is stronger than forecast is generally supportive (bullish) for the USD, while a weaker than forecast reading is generally negative (bearish) for the USD.

Learn More: USDJPY | EURUSD",,,,,,
,,,#REF!, Fri ,18:00,USD,3,USD - Nonfarm Payrolls (May),,130K,177K,"
Nonfarm Payrolls measures the change in the number of people employed during the prior month, excluding workers in the farming industry. Given that full employment is one of the Federal Reserves mandates, it is very closely watched.

A reading that is stronger than forecast is generally supportive (bullish) for the USD, while a weaker than forecast reading is generally negative (bearish) for the USD.

Learn More: USDJPY | EURUSD",,,,,,
,,,#REF!, Fri ,18:00,USD,3,USD - Unemployment Rate (May),,4.20%,4.20%,"

The Unemployment Rate measures the percentage of the total work force that is not working, yet actively seeking employment.

A reading that is higher than forecast is generally negative (bearish) for the USD, while a lower than forecast reading is generally supportive (bullish) for the USD.

Learn More: USDJPY | EURUSD",,,,,,
,,,#REF!, Thur ,18:10,USD,3,USD - Fed Chair Powell Speaks,,,,"
Federal Reserve Chair Jerome Powell (Feb. 2018 – Feb. 2026) is to speak. As head of the Fed, which controls short term interest rates, he has more influence over the U.S. dollar's value than any other person. Traders closely watch his speeches as they are often used to drop hints regarding future monetary policy.

Learn More: USDJPY | EURUSD",,,,,,
,,,#REF!, Fri ,05:20,JPY,3,JPY - GDP (QoQ) (Q1) P,,,0.60%,"

Gross Domestic Product (GDP) measures the change in the inflation-adjusted value of all goods and services produced by the economy. It is the broadest measure of economic activity and the primary indicator of the economy's health.

A reading that is stronger than forecast is generally supportive (bullish) for the JPY, while a weaker than forecast reading is generally negative (bearish) for the JPY.

Learn More: USDJPY | EURJPY",,,,,,
,,,,,,,,,,,,,,,,,,
,,,,,,,,,,,,,,,,,,
,,,,,,,,,,,,,,,,,,
,,,,,,,,,,,,,,,,,,
,,,,,,,,,,,,,,,,,,
,,,,,,,,,,,,,,,,,,
,,,,,,,,,,,,,,,,,,
,,,,,,,,,,,,,,,,,,
,,,,,,,,,,,,,,,,,,
,,,,,,,,,,,,,,,,,,
,,,,,,,,,,,,,,,,,,
,,,,,,,,,,,,,,,,,,
,,,,,,,,,,,,,,,,,,
,,,,,,,,,,,,,,,,,,
,,,,,,,,,,,,,,,,,,
,,,,,,,,,,,,,,,,,,
,,,,,,,,,,,,,,,,,,
,,,,,,,,,,,,,,,,,,
,,,,,,,,,,,,,,,,,,
,,,00-Jan-00, Wed ,18:00,USD,3,USD - Retail Sales (MoM) (Mar),,1.40%,0.20%,"
Retail Sales gauges the change in the aggregate value of sales at the retail level across the country. It is an important indicator of consumer spending accounting for the majority of overall economic activity.

A reading that is stronger than forecast is generally supportive (bullish) for the USD, while a weaker than forecast reading is generally negative (bearish) for the USD.

Learn More: USDJPY | EURUSD",,,,,,
,,,00-Jan-00, Wed ,19:15,CAD,3,CAD - BoC Interest Rate Decision,,2.75%,2.75%,"
The Bank of Canada (BOC) publishes its decision on where to set the benchmark interest rate. As short term interest rates are an important determinant of currency valuation, traders watch interest rate changes closely.

A reading that is stronger than forecast is generally supportive (bullish) for the CAD, while a weaker than forecast reading is generally negative (bearish) for the CAD.

Learn More: CADJPY | USDCAD",,,,,,
,,,00-Jan-00, Wed ,20:00,USD,3,USD - Crude Oil Inventories,,,2.553M,"
The Energy Information Administration's (EIA) Crude Oil Inventories measures the weekly change in the number of barrels of commercial crude oil held by US firms. The level of inventories influences the price of petroleum products, which can have an impact on inflation.

If the increase in crude inventories is more than expected, it implies weaker demand and is bearish for crude prices. The same can be said if a decline in inventories is less than expected.
If the increase in crude is less than expected, it implies greater demand and is bullish for crude prices. The same can be said if a decline in inventories is more than expected.

Learn More: USOILRoll",,,,,,
,,,00-Jan-00, Wed ,22:45,USD,3,USD - Fed Chair Powell Speaks,,,,"

Federal Reserve Chair Jerome Powell (Feb. 2018 – Feb. 2026) is to speak. As head of the Fed, which controls short term interest rates, he has more influence over the U.S. dollar's value than any other person. Traders closely watch his speeches as they are often used to drop hints regarding future monetary policy.

Learn More: USDJPY | EURUSD",,,,,,
,,,01-Jan-00, Thur ,All Day,MXN,3,MXN - Mexico - Easter,,,,"[]

Learni More: Legacy Reference",,,,,,
,,,01-Jan-00, Thur ,All Day,NOK,3,NOK - Norway - Maundy Thursday,,,,"[]

Learni More: Legacy Reference",,,,,,
,,,01-Jan-00, Thur ,17:45,EUR,3,EUR -  Deposit Facility Rate (Apr),,2.25%,2.50%,"
The Producer Price Index (PPI) measures a change in input prices of raw, semi-finished or finished goods and services. If input costs rise, some will be absorbed by the producer and some passed on to the consumer. Conversely, if input costs fall, some of the decline will be enjoyed as wider profit margins by the producer and some will be passed on to the consumer in the form of lower prices. Because PPI impacts consumer prices, it is watched by central bankers as part of fulfilling their mandate of price stability.

A reading that is stronger than forecast is generally supportive (bullish) for the USD, while a weaker than forecast reading is generally negative (bearish) for the USD.

Learn More: EURJPY | EURUSD",,,,,,
,,,01-Jan-00, Thur ,17:45,EUR,3,EUR - ECB Interest Rate Decision (Apr),,2.40%,2.65%,"
The European Central Bank publishes its decision on where to set the benchmark interest rate. As short term interest rates are an important determinant of currency valuation, traders watch interest rate changes closely.



A reading that is stronger than forecast is generally supportive (bullish) for the EUR, while a weaker than forecast reading is generally negative (bearish) for the EUR.

Learn More: EURJPY | EURUSD",,,,,,
,,,01-Jan-00, Thur ,18:00,USD,3,USD - Initial Jobless Claims,,225K,223K,"Initial Jobless Claims measures the number of people who filed for unemployment insurance for the first time during the past week. This is the most timely U.S. economic data, but the market impact varies from week to week.
A reading that is higher than forecast is generally negative (bearish) for the USD, while a lower than forecast reading is generally supportive (bullish) for the USD.

Learni More: USDJPY | EURUSD",,,,,,
,,,01-Jan-00, Thur ,18:00,USD,3,USD - Philadelphia Fed Manufacturing Index (Apr),, 3.1 , 12.5 ,"The Philadelphia Federal Reserve Manufacturing Index measures the relative level of business conditions amongst manufacturers in the Federal reserve district. A level above zero on the index indicates improving conditions; below indicates worsening conditions. The data is compiled from a survey of about 250 manufacturers in the Philadelphia Federal Reserve district.

A reading that is stronger than forecast is generally supportive (bullish) for the USD, while a weaker than forecast reading is generally negative (bearish) for the USD.

Learni More: USDJPY | EURUSD",,,,,,
,,,01-Jan-00, Thur ,18:15,EUR,3,EUR -  ECB Press Conference,,,,"

The European Central Bank (ECB) press conference is held monthly, about 45 minutes after the Minimum Bid Rate is announced. The conference is approximately an hour long and has two parts. Firstly, a prepared statement is read, then the conference is open to press questions. The press conference examines the factors which affected the ECB's interest rate decision and deals with the overall economic outlook and inflation. Most importantly, it provides clues regarding future monetary policy. High levels of volatility can frequently be observed during the press conference as press questions lead to unscripted answers.

Learn More: EURJPY | EURUSD",,,,,,
,,,02-Jan-00, Fri ,All Day,Global,3,Global - Good Friday & Easter,,,,"
[]

Learn More: Legacy Reference",,,,,,
,,,,,,,,,,,,,,,,,,
,,,,,,,,,,,,,,,,,,
,,,,,,,,,,,,,,,,,,
,,,,,,,,,,,,,,,,,,
,,,,,,,,,,,,,,,,,,
,,,,,,,,,,,,,,,,,,
,,,,,,,,,,,,,,,,,,
,,,,,,,,,,,,,,,,,,
,,,,,,,,,,,,,,,,,,
,,,,,,,,,,,,,,,,,,
,,,,,,,,,,,,,,,,,,
,,,04-Apr-25, Fri ,18:00,USD,3,USD - Unemployment Rate (Mar),,4.20%,4.10%,"The Unemployment Rate measures the percentage of the total work force that is not working, yet actively seeking employment.

A reading that is higher than forecast is generally negative (bearish) for the USD, while a lower than forecast reading is generally supportive (bullish) for the USD.

Learn More:USDJPY | EURUSD",,,,,,
,,,00-Jan-00, Fri ,18:00,USD,3,USD - Initial Jobless Claims,,,,"Initial Jobless Claims measures the number of people who filed for unemployment insurance for the first time during the past week. This is the most timely U.S. economic data, but the market impact varies from week to week.
A reading that is higher than forecast is generally negative (bearish) for the USD, while a lower than forecast reading is generally supportive (bullish) for the USD.

Learn More: USDJPY | EURUSD",,,,,,
,,,00-Jan-00, Fri ,18:00,USD,3,USD - PPI (MoM) (Feb),,,0.40%,"The Producer Price Index (PPI) measures a change in input prices of raw, semi-finished or finished goods and services. If input costs rise, some will be absorbed by the producer and some passed on to the consumer. Conversely, if input costs fall, some of the decline will be enjoyed as wider profit margins by the producer and some will be passed on to the consumer in the form of lower prices. Because PPI impacts consumer prices, it is watched by central bankers as part of fulfilling their mandate of price stability.

A reading that is stronger than forecast is generally supportive (bullish) for the USD, while a weaker than forecast reading is generally negative (bearish) for the USD.

Learn More: USDJPY | EURUSD",,,,,,
,,,00-Jan-00, Fri ,18:00,USD,3,USD - Philadelphia Fed Manufacturing Index (Mar),, 9.40 , 18.10 ,"
The Philadelphia Federal Reserve Manufacturing Index measures the relative level of business conditions amongst manufacturers in the Federal reserve district. A level above zero on the index indicates improving conditions; below indicates worsening conditions. The data is compiled from a survey of about 250 manufacturers in the Philadelphia Federal Reserve district.

A reading that is stronger than forecast is generally supportive (bullish) for the USD, while a weaker than forecast reading is generally negative (bearish) for the USD.

Learn More: USDJPY | EURUSD",,,,,,
,,,00-Jan-00, Fri ,19:30,USD,3,USD - Existing Home Sales (Feb),, 3.94M , 4.08M ,"
Existing Home Sales measures the change in the annualised number of existing residential buildings that were sold during the prior month. This report helps to gauge the strength of the U.S. housing market and is an important indicator of overall economic strength.

A reading that is stronger than forecast is generally supportive (bullish) for the USD, while a weaker than forecast reading is generally negative (bearish) for the USD.

Learn More: USDJPY | EURUSD",,,,,,
,,,05-Apr-25, Fri ,All Day,ZAR,3,ZAR - South Africa - Human Rights Day,,,,"[]

Learn More: []",,,,,,
,,,,,,,,,,,,,,,,,,
,,,,,,,,,,,,,,,,,,
,,,,,,,,,,,,,,,,,,
,,,,,,,,,,,,,,,,,,
,,,,,,,,,,,,,,,,,,
,,,,,,,,,,,,,,,,,,
,,,,,,,,,,,,,,,,,,
,,,,,,,,,,,,,,,,,,
,,,,,,,,,,,,,,,,,,
,,,,,,,,,,,,,,,,,,
,,,,,,,,,,,,,,,,,,
,,,,,,,,,,,,,,,,,,
,,,,,,,,,,,,,,,,,,
,,,,,,,,,,,,,,,,,,
,,,,,,,,,,,,,,,,,,
,,,,,,,,,,,,,,,,,,
,,,,,,,,,,,,,,,,,,
,,,,,,,,,,,,,,,,,,
,,,,,,,,,,,,,,,,,,
,,,,,,,,,,,,,,,,,,
,,,,,,,,,,,,,,,,,,
,,,00-Jan-00, Thur ,19:00,USD,3,USD - Initial Jobless Claims,,210K,201K,"[]

Learn More: []",,,,,,
,,,00-Jan-00, Thur ,19:00,USD,3,USD - Philadelphia Fed Manufacturing Index (Jan),, -7 , -10.9 ,"[]

Learn More: []",,,,,,
,,,00-Jan-00, Thur ,19:00,USD,3,USD - Retail Sales (MoM) (Dec),,0.50%,0.70%,"[]

Learn More: []",,,,,,
,,,01-Jan-00, Thur ,07:30,CNY,3,CNY - GDP (YoY) (Q4),,5.10%,4.60%,"[]

Learn More: []",,,,,,
,,,01-Jan-00, Thur ,15:30,EUR,3,EUR - CPI (YoY) (Dec),,2.40%,2.40%,"[]

Learn More: []",,,,,,
,,,,,,,,,,,,,,,,,,
,,,,,,,,,,,,,,,,,,
,,,,,,,,,,,,,,,,,,
,,,,,,,,,,,,,,,,,,
,,,,,,,,,,,,,,,,,,
,,,,,,,,,,,,,,,,,,
,,,,,,,,,,,,,,,,,,
,,,,,,,,,,,,,,,,,,
,,,,,,,,,,,,,,,,,,
,,,,,,,,,,,,,,,,,,
,,,,,,,,,,,,,,,,,,
,,,,,,,,,,,,,,,,,,
,,,,,,,,,,,,,,,,,,
,,,,,,,,,,,,,,,,,,
,,,,,,,,,,,,,,,,,,
,,,,,,,,,,,,,,,,,,
,,,,,,,,,,,,,,,,,,
,,,,,,,,,,,,,,,,,,
,,,,,,,,,,,,,,,,,,
,,,,,,,,,,,,,,,,,,
,,,,,,,,,,,,,,,,,,
,,,29-Jan-25, Thu ,00:30,USD,3,Fed Interest Rate Decision,,4.35%,4.38%,"A continued easing of inflation and robust labour market could give the Fed more room to implement rate cuts without stoking inflation fears, supporting the case for a soft landing.",,,,,,
,,,"Source: Bloomberg, ADSS, News Articles, Company Research. Notes as of 9th Dec 2024, 4:30 PM.",,,,,,,,,,,,,,,
,,,,,,,,,,,,,,,,,,
,,,,,,,,,,,,,,,,,,
,,,,,,,,,,,,,,,,,,
,,,,,,,,,,,,,,,,,,
,,,,,,,,,,,,,,,,,,
,,,,,,,,,,,,,,,,,,
,,,29-Jan-25, Thu ,00:30,USD,3,Fed Interest Rate Decision,,4.33%,4.49%,"A continued easing of inflation and robust labour market could give the Fed more room to implement rate cuts without stoking inflation fears, supporting the case for a soft landing.",,,,,,
,,,"Source: Bloomberg, ADSS, News Articles, Company Research. Notes as of 9th Dec 2024, 4:30 PM.",,,,,,,,,,,,,,,
,,,,,,,,,,,,,,,,,,
,,,,,,,,,,,,,,,,,,
,,,,,,,,,,,,,,,,,,
,,,18-Dec-24, Thu ,23:30,USD,3,Fed Interest Rate Decision,,4.46%,4.62%,"A continued easing of inflation and robust labour market could give the Fed more room to implement rate cuts without stoking inflation fears, supporting the case for a soft landing.",,,,,,
,,,,,,,,,,,,,,,,,,
,,,18-Jun-25, Wed ,23:30,USD,3,Fed Interest Rate Decision,,4.37%,4.36%,[],,,,,,
,,,"Source: Bloomberg, News Articles, Company Research. Notes as of 21st July 2025 8 PM.",,,,,,,,,,,,,,,
,,,"Source: Bloomberg, WSJ, News Articles, Company Research. Notes as of 14th Spetmber 2025 10 PM.",,,,,,,,,,,,,,,
,,,,,,,,,,,,,,,,,,
,,,,,,,,,,,,,,,,,,
,,,Date,Day,Time (IST),Cur.,Imp.,Event,,,,,,,,,,
,,,01-Jan-25, Thu ,00:30,USD,3,Hello,,,,,,,,,,
,,,01-Jan-25, Thu ,10:00,USD,3,Hello2,,,,,,,,,,
,,,09-Jan-25, Thur ,00:01,USD,3,US stock markets closed in honor of former President Jimmy Carter (National Day of Mourning),,,,,,,,,,
,,,,,,,,,,,,,,,,,,
,,,,,,,,,,,,,,,,,,
,,,,,,,,,,,,,,,,,,
,,,,,,,,,,,,,,,,,,
,,,,,,,,,,,,,,,,,,
,,,,,,,,,,,,,,,,,,
,,,,,,,,,,,,,,,,,,
,,,,,,,,,,,,,,,,,,
